Name	Sequence	Thermodynamic free energy	Description
LF01	acacgtctctgatctcgcgctagcagcacacatagcatatAGAGTTTGATCMTGGCTCAG	-0.2	27F
LF02	gctagcgtgtcgcactatctgtatgactgtagctcgacgaAGAGTTTGATCMTGGCTCAG	-0.9	27F
LF03	gatgtgactacagacgacatatgagagacgcgcacgcgacAGAGTTTGATCMTGGCTCAG	-0.9	27F
LF04	cgcagcgtcgtctatcgtctcacagatctcgtacagactcAGAGTTTGATCMTGGCTCAG	-1	27F
LF05	ctgtacatgtctgtcgtgagtgtgatatacatctatgcatAGAGTTTGATCMTGGCTCAG	-1	27F
LF06	tcatcactacatatcgcgcatctatgctcagtatgtgactAGAGTTTGATCMTGGCTCAG	-1.1	27F
LF07	gacgagtactagatatcagcgtgagtagacatcgatatagAGAGTTTGATCMTGGCTCAG	-1.1	27F
LF08	gatgtgtcgctacgtactatactacagcatgtatatgtgaAGAGTTTGATCMTGGCTCAG	-1.1	27F
LF09	tctatcagatagtacgtatgcgcagacgatgtcacagtatAGAGTTTGATCMTGGCTCAG	-1.2	27F
LF10	actacacatatagtagagacgctgtgagtgtgacagtagaAGAGTTTGATCMTGGCTCAG	-1.2	27F
LF11	tactatctgatctgtctctcgtctctgcgtcgagtactgtAGAGTTTGATCMTGGCTCAG	-1.3	27F
LF12	cacgacgcatcagagtgtctctatcacagcatgtagtgtaAGAGTTTGATCMTGGCTCAG	-1.4	27F
LF13	tgtctgtgacacatatctctatacgctgatatgcagtactAGAGTTTGATCMTGGCTCAG	-1.5	27F
LF14	cgcacacgacgctcatctagcagagcagtagctatcagtaAGAGTTTGATCMTGGCTCAG	-1.5	27F
LF15	gactatcatgtagtgctcgtgcatgtgtctcatcgtagtcAGAGTTTGATCMTGGCTCAG	-1.6	27F
LF16	cagctgagtctatcgagatatagtgcatgactagacgtatAGAGTTTGATCMTGGCTCAG	-1.7	27F
LF17	gacgctgcacgcgctcactacatactactgctactgtgtaAGAGTTTGATCMTGGCTCAG	-1.7	27F
LF18	tcgcatacgagatgagtgctacgtgtagtatagctcgtgaAGAGTTTGATCMTGGCTCAG	-1.7	27F
LF19	cactctgatgatatgagtagagagacgacacgcagagcgaAGAGTTTGATCMTGGCTCAG	-1.7	27F
LF20	atgagatacgtatgctctctagatagcagtcatagacagaAGAGTTTGATCMTGGCTCAG	-1.8	27F
LF21	ctatgcgcagctatagatgagacgctatatcacatagagaAGAGTTTGATCMTGGCTCAG	-1.8	27F
LF22	tcgagactatcactctgatgtcgtagtctactgcatcacaAGAGTTTGATCMTGGCTCAG	-1.8	27F
LF23	agcgtacatagatacgtagtgtagtatcacagactgctgcAGAGTTTGATCMTGGCTCAG	-1.8	27F
LF24	atatacatagcagtagcatcacagcactcatagtacagtcAGAGTTTGATCMTGGCTCAG	-2	27F
LF25	atatagcatcgatctgtatcatgagcgtgcactagtcagaAGAGTTTGATCMTGGCTCAG	-2.1	27F
LF26	cacgtagatcagtgtgatgtatgacagtgcgatagtcgctAGAGTTTGATCMTGGCTCAG	-2.1	27F
LF27	tagatacgcgtgtgcagcactgtgtatcgtcatactgatgAGAGTTTGATCMTGGCTCAG	-2.2	27F
LF28	gcatcgtgtcgtgacatacacagtgatacagacagacgtaAGAGTTTGATCMTGGCTCAG	-2.2	27F
LF29	atcgctatatcactcatagtgtacgacactcacagacgcgAGAGTTTGATCMTGGCTCAG	-2.3	27F
LF30	agcgtatacactctatctcgctctgatatctctatgctgtAGAGTTTGATCMTGGCTCAG	-2.3	27F
LF31	cgtatatctctctctatgtgcatagtatgtagtcgtactgAGAGTTTGATCMTGGCTCAG	-2.3	27F
LF32	tcatcagatgtcgatctcacagactgacgtgcagatgagtAGAGTTTGATCMTGGCTCAG	-2.4	27F
LF33	atgtcgcgtctctctctgtcgatcacatactcacgtctgcAGAGTTTGATCMTGGCTCAG	-2.4	27F
LF34	atagtgtagtcagcacgatagtatgtcgctacagatgataAGAGTTTGATCMTGGCTCAG	-2.4	27F
LF35	agcgactcgtactgagagagtctgatatatgtctgtagcgAGAGTTTGATCMTGGCTCAG	-2.6	27F
LF36	gactatgtcgagcgagtgtatgatactgacagctcacatcAGAGTTTGATCMTGGCTCAG	-2.6	27F
LF37	gatgtgcatcgtctcactacgtacagctcacgcatatctcAGAGTTTGATCMTGGCTCAG	-2.6	27F
LF38	tatgcatcagtatatgagtatagatgtgtcgatgtgcgtgAGAGTTTGATCMTGGCTCAG	-2.7	27F
LF39	agtcgtcacatacagcactacacatctcacgactacgcatAGAGTTTGATCMTGGCTCAG	-2.7	27F
LF40	tgcgcgctactgcgtagatgcgtcactagtatcgtctcatAGAGTTTGATCMTGGCTCAG	-2.7	27F
LF41	atacagtcgatctactgacactcacatactcacgtcagacAGAGTTTGATCMTGGCTCAG	-2.7	27F
LF42	acgtgctgcacagtactcacgatactctctgctctcagacAGAGTTTGATCMTGGCTCAG	-2.9	27F
LF43	acgtcgcatcacatctagtatcatgtcagagatctatacgAGAGTTTGATCMTGGCTCAG	-2.9	27F
LF44	gtgtagtatacgagcgtcgctgagtgtagagtgtagagcaAGAGTTTGATCMTGGCTCAG	-2.9	27F
LF45	cactgctgacactgcatgacgcatcagatatcagagcacgAGAGTTTGATCMTGGCTCAG	-3	27F
LF46	gtgcacactatatcagagctgagtatgtatagctcgtctaAGAGTTTGATCMTGGCTCAG	-3.1	27F
LF47	atacagagagctgctagctatcgtgagatgtgctctatacAGAGTTTGATCMTGGCTCAG	-3.1	27F
LF48	agtatctgcgctgtagatctcgatcactatactcatcatgAGAGTTTGATCMTGGCTCAG	-3.1	27F
LF49	atgcgctacgcgcgacgctcatagcatagtgacagatcgaAGAGTTTGATCMTGGCTCAG	-3.1	27F
LF50	ctgcacgagcgacgactgcagcagacacatcacgagatgcAGAGTTTGATCMTGGCTCAG	-3.2	27F
LF51	gcgactctcgtagatacgcgctacactagtcacgatatgaAGAGTTTGATCMTGGCTCAG	-3.2	27F
LF52	cgagtatagcagcagtgtctagatagagcagtcacgtatcAGAGTTTGATCMTGGCTCAG	-3.3	27F
LF53	gagtgcagacagactactcgtctatatgcagctactgacaAGAGTTTGATCMTGGCTCAG	-3.3	27F
LF54	gctgtactctctacgcactcgtctatctatatgtacgagaAGAGTTTGATCMTGGCTCAG	-3.4	27F
LF55	ctgtcatagtgtcgtcatgctgacacgtgcgcgatcgacaAGAGTTTGATCMTGGCTCAG	-3.4	27F
LF56	tgcacgctgatctgtgctcgctctctatgagatatgtacgAGAGTTTGATCMTGGCTCAG	-3.4	27F
LF57	gacatatctacgacacgtgctgtcgcacatactatatgacAGAGTTTGATCMTGGCTCAG	-3.5	27F
LF58	gcgctgactagacactcgcagtcgctgatacgatctgtcaAGAGTTTGATCMTGGCTCAG	-3.5	27F
LF59	atgagactcactgcgacactatctagctgcgcgtagtagtAGAGTTTGATCMTGGCTCAG	-3.5	27F
LF60	cgtatgtcagagcgtcgacgtctagtgagcactgtgcacgAGAGTTTGATCMTGGCTCAG	-3.6	27F
LF61	cagctatatcgtgagacgagctgtatcgagcgctgcatctAGAGTTTGATCMTGGCTCAG	-3.6	27F
LF62	tgtgcacgcgctctcactatcactcagacatcgcgagataAGAGTTTGATCMTGGCTCAG	-3.6	27F
LF63	tcatatgcacagacacgcacgtgagtagagtgtgtactcaAGAGTTTGATCMTGGCTCAG	-3.6	27F
LF64	tgatgatctatacatcgtgtgtgatctgatgtacgtcgcgAGAGTTTGATCMTGGCTCAG	-3.7	27F
LF65	actacatcagatagatgtctctgcgcatagtcacgacgtgAGAGTTTGATCMTGGCTCAG	-3.7	27F
LF66	gagcagtgagacgacatgatgagacatatgacagcgcactAGAGTTTGATCMTGGCTCAG	-3.7	27F
LF67	ctactagtgtcgcgatcgtatatcgtcatgcgatgctgtgAGAGTTTGATCMTGGCTCAG	-3.7	27F
LF68	tactctactgatagcgatagagcacatagtgtcgctgctaAGAGTTTGATCMTGGCTCAG	-3.8	27F
LF69	cgacgatagtagcgtagacacatatcgcactctctgatacAGAGTTTGATCMTGGCTCAG	-3.8	27F
LF70	tcgctgctagcgagctcatgctgtactcagactatcgcgtAGAGTTTGATCMTGGCTCAG	-3.8	27F
LF71	ctctcgcgtgacgagatactatcagcactcatactactatAGAGTTTGATCMTGGCTCAG	-3.8	27F
LF72	cgagtacgtatgagagtagcagtcgagcgactatgcatgtAGAGTTTGATCMTGGCTCAG	-3.8	27F
LF73	gtgctcgatatacatcgtgtctcgcagcagctgtcgactgAGAGTTTGATCMTGGCTCAG	-3.9	27F
LF74	tatatgatagctgtgactgtgacagctgatcgtgctctgaAGAGTTTGATCMTGGCTCAG	-3.9	27F
LF75	gagtagctgagagagtgtgcagagcgatctagcgtgcgcgAGAGTTTGATCMTGGCTCAG	-3.9	27F
LR01	atcactcatatcagctcacagcgtacgagtagtctcacgtGGYTACCTTGTTAYGACTT	-3.9	1492R
LR02	tgtcatcactgtctctgctacatgatgatgtgcagctcacGGYTACCTTGTTAYGACTT	-3.9	1492R
LR03	agctgtcactcatactgtatatcgacgctacactgcgcacGGYTACCTTGTTAYGACTT	-3.9	1492R
LR04	tcagagtgagagtagtgctgcatactcatatcacacacatGGYTACCTTGTTAYGACTT	-3.9	1492R
LR05	tcatcacagctctcagtagtgcatgatcgcgtatatagcaGGYTACCTTGTTAYGACTT	-3.7	1492R
LR06	gcacgatcgctcatagcatcagtatatgtgtgcgcatcatGGYTACCTTGTTAYGACTT	-3.7	1492R
LR07	actgatgctagctgtacgatgactacgctgctcgacgacgGGYTACCTTGTTAYGACTT	-3.7	1492R
LR08	catcagtgagatgtagcacatcgtatgctgtgacacgacaGGYTACCTTGTTAYGACTT	-3.6	1492R
LR09	cgatatactcagcatcgctagtctcactctgcgtgtctgaGGYTACCTTGTTAYGACTT	-3.6	1492R
LR10	gtcacacgtgctctactgtgactgtctatgtagtgtcgatGGYTACCTTGTTAYGACTT	-3.5	1492R
LR11	atactgtgagtatatctagctctcgtacatctgctagtacGGYTACCTTGTTAYGACTT	-3.5	1492R
LR12	agagagacatatgctctctcgctgactgtgctcacgcataGGYTACCTTGTTAYGACTT	-3.5	1492R
LR13	acatcgacgagatgtacgatctcagtctactagtgtatgaGGYTACCTTGTTAYGACTT	-3.5	1492R
LR14	tgatcagcgcgagtctgtatgtagcacgacgtgtgcgataGGYTACCTTGTTAYGACTT	-3.4	1492R
LR15	ctgtgtacgcgacgacactacatagcgcagtatgtgtgcaGGYTACCTTGTTAYGACTT	-3.3	1492R
LR16	cagatctctatgcagctgagtgagacgatgtgtatacgagGGYTACCTTGTTAYGACTT	-3.3	1492R
LR17	tgcatacgtagtgtcatactgtcagctgtctcatacgagaGGYTACCTTGTTAYGACTT	-3.3	1492R
LR18	agcgtacgtcagagagcacgtgacatcgcactcagctgcaGGYTACCTTGTTAYGACTT	-3.3	1492R
LR19	ctcgtgactgagtgtctgctctctacacgacagcgctctgGGYTACCTTGTTAYGACTT	-3.2	1492R
LR20	cagagacgactcatctgtgtgcgatcatatagtcgtatgtGGYTACCTTGTTAYGACTT	-3.1	1492R
LR21	tcgacgctactacagcgcatagtcatcacgtcactcagtaGGYTACCTTGTTAYGACTT	-3.1	1492R
LR22	atcatgtactcagcagtacgtcatgtgacatcgcagtcagGGYTACCTTGTTAYGACTT	-3.1	1492R
LR23	gagacgtactgactcgtcatcgtcgagcgacacacgtgcgGGYTACCTTGTTAYGACTT	-3.1	1492R
LR24	gctgacagatgtgactgtgtacgacgtgtcgtgtgtagcaGGYTACCTTGTTAYGACTT	-3	1492R
LR25	acagctagatatgacatagacgatagagatactgctgcacGGYTACCTTGTTAYGACTT	-3	1492R
LR26	acgcgatactctcgacacgcagatcatcacgtctatgtacGGYTACCTTGTTAYGACTT	-3	1492R
LR27	atagtgatagtacactatcatcatgacgcagagtgctcgtGGYTACCTTGTTAYGACTT	-3	1492R
LR28	gtgacgatgtagagctcactcgacgatacgatgatgtcacGGYTACCTTGTTAYGACTT	-3	1492R
LR29	agagatctgtcagtgtcatgtctagcactatgtgctctgcGGYTACCTTGTTAYGACTT	-3	1492R
LR30	tgacactatgcatcgtgtcgtgcgtgagcgagtagtgatgGGYTACCTTGTTAYGACTT	-2.8	1492R
LR31	acgatagcgtctcagtgtgacatgagtgagagcgagtcgtGGYTACCTTGTTAYGACTT	-2.8	1492R
LR32	acgtcgagagagacatcgtacatcgctactacgagtatacGGYTACCTTGTTAYGACTT	-2.7	1492R
LR33	ctacacagcgatgatgctgctgatcgtcatatagtgctctGGYTACCTTGTTAYGACTT	-2.7	1492R
LR34	tacatcacgtcatgagtacagctctgctctgtagcgtgtgGGYTACCTTGTTAYGACTT	-2.5	1492R
LR35	ctgagatgagctgatagcgtagatctgatcgctagagtgtGGYTACCTTGTTAYGACTT	-2.5	1492R
LR36	gctgcgcatagagtctcagcgagctcacagtgcgtctctcGGYTACCTTGTTAYGACTT	-2.4	1492R
LR37	cagtatacgtgacatgacgagtctatatctctgacgtctcGGYTACCTTGTTAYGACTT	-2.4	1492R
LR38	tgtacagtgcgacgagtatgcgcgtgctacactgctctagGGYTACCTTGTTAYGACTT	-2.3	1492R
LR39	agatcgcatcgctagatctctagtatgtatgctgtcatacGGYTACCTTGTTAYGACTT	-2.3	1492R
LR40	ctctatcgtgactatgcagcgtcacatatatatctacgcgGGYTACCTTGTTAYGACTT	-2.3	1492R
LR41	agatgtactacagctgacactacgatactcatcatagagcGGYTACCTTGTTAYGACTT	-2.2	1492R
LR42	gagagtcgctacagtgctgcgcgtagtatgtcagtgtctaGGYTACCTTGTTAYGACTT	-2.2	1492R
LR43	tcatgcactctctagagtgtgatactagacgtgatcatcgGGYTACCTTGTTAYGACTT	-2.2	1492R
LR44	atgcgacatcgagtctatatatgagagcgtagcgcgagacGGYTACCTTGTTAYGACTT	-2.1	1492R
LR45	gtatatcgtctgtctgtgtagatgtagagatactctgtagGGYTACCTTGTTAYGACTT	-2.1	1492R
LR46	gatatcatactagacacagcatgtacacgtgcagatgacgGGYTACCTTGTTAYGACTT	-2	1492R
LR47	ctatctagcagagtcgatatcagtgatacatcagtcatcgGGYTACCTTGTTAYGACTT	-2	1492R
LR48	tagcatcgagagctgcgtagagcgcgtgatgtactgtgatGGYTACCTTGTTAYGACTT	-2	1492R
LR49	tctgtctacgtatctctcgtacactctgtcatgtcgatcaGGYTACCTTGTTAYGACTT	-2	1492R
LR50	tgctcagtgagtagatatgagacgatgcgagatacatcacGGYTACCTTGTTAYGACTT	-2	1492R
LR51	actctgcatcagagcgtacactcagctgtcagtctctatcGGYTACCTTGTTAYGACTT	-1.9	1492R
LR52	tagagtacgtgcgactacgcgacagtatagagagtgcagcGGYTACCTTGTTAYGACTT	-1.9	1492R
LR53	gcgcagagagagtacgagagtgagtgacagcactgtgtatGGYTACCTTGTTAYGACTT	-1.7	1492R
LR54	atatctgtcgatcatagactcatacacgtcgtcgcatctaGGYTACCTTGTTAYGACTT	-1.7	1492R
LR55	agtgcgacatagatatcatatactgcgtgacgatgcagatGGYTACCTTGTTAYGACTT	-1.7	1492R
LR56	cactatctagcgcactcgtacacacactgctgactacataGGYTACCTTGTTAYGACTT	-1.5	1492R
LR57	tatcagatcatctactcatagactacagtgcgagcgtagcGGYTACCTTGTTAYGACTT	-1.5	1492R
LR58	cgtcgtctcgtatagtatgtagtactcactgctgtactcgGGYTACCTTGTTAYGACTT	-1.4	1492R
LR59	gagtgctgctacgctcgacacatctagatagtgctactatGGYTACCTTGTTAYGACTT	-1.2	1492R
LR60	agtagtgtgtatctatcgactacgtgcgagtgtcactgtaGGYTACCTTGTTAYGACTT	-1.1	1492R
LR61	tatatcagatagtatctactctcgtgacagcacagcatcaGGYTACCTTGTTAYGACTT	-1.1	1492R
LR62	cgcatgctgtacgcgtctcgtgctgacatagactctcagtGGYTACCTTGTTAYGACTT	-1.1	1492R
LR63	gtctgatacacagcatatctatcactcgtcgacagactacGGYTACCTTGTTAYGACTT	-1	1492R
LR64	ctgtctcagcactatgtgatcgtatctgtgcacgcgatgtGGYTACCTTGTTAYGACTT	-0.9	1492R
LR65	tcgtactatgagcgtgagtactgtcacatagatgagtataGGYTACCTTGTTAYGACTT	-0.9	1492R
LR66	gtctcatgtcgtcagtctatcacgcgatcacacacacgctGGYTACCTTGTTAYGACTT	-0.8	1492R
LR67	ctgatacagagcgtgtgtgagcatagtgtgagatcatagaGGYTACCTTGTTAYGACTT	-0.8	1492R
LR68	cacacgatacgcacactgagagagatgtgatgcagagagcGGYTACCTTGTTAYGACTT	-0.6	1492R
LR69	tactgcacagtatcgctctcactactctcgactcatgatgGGYTACCTTGTTAYGACTT	-0.5	1492R
LR70	catcacagatacgagagcactctcatcactatcactacgcGGYTACCTTGTTAYGACTT	-0.4	1492R
LR71	agagtctgagctgtgctagtgtgctgcgatagatgtgctgGGYTACCTTGTTAYGACTT	0	1492R
LR72	tcactcactctagatcatactgtagactcatcgatacgacGGYTACCTTGTTAYGACTT	0	1492R
LR73	actgtatctatatcgtcgatctgtctcagtatctgctcgaGGYTACCTTGTTAYGACTT	0.3	1492R
LR74	atacacgtatcacatatcacgcatcgcactcatacactcaGGYTACCTTGTTAYGACTT	0.4	1492R
LR75	gatacgacacatctgatagcgactgtatgatctgctgtgcGGYTACCTTGTTAYGACTT	0.5	1492R
